{
  "builtin_entity_scope": [],
  "config": {
    "unit_name": "tfidf_vectorizer",
    "use_stemming": false,
    "word_clusters_name": null
  },
  "language_code": "en",
  "vectorizer": {
    "idf_diag": [
      4.562465529258278,
      5.255612709818223,
      4.562465529258278,
      4.850147601710058,
      4.562465529258278,
      4.850147601710058,
      4.850147601710058,
      3.6461747973841225,
      2.3652409519220585,
      3.3097025607629096,
      3.6461747973841225,
      3.463853240590168,
      2.2351878236738605,
      4.850147601710058,
      3.5508646175797978,
      4.339321977944068,
      3.0583881324820035,
      5.255612709818223,
      5.255612709818223,
      2.7707060600302227,
      3.5508646175797978,
      4.002849741322855,
      2.953027616824177,
      3.6461747973841225,
      5.255612709818223,
      4.339321977944068,
      5.255612709818223,
      3.6461747973841225,
      2.8577174370198524,
      4.339321977944068,
      2.616555380202964,
      4.157000421150114,
      4.850147601710058,
      3.6461747973841225,
      3.751535313041949,
      4.850147601710058,
      2.5814640603916943,
      4.850147601710058,
      3.751535313041949
    ],
    "vocab": {
      "10": 0,
      "100": 1,
      "2": 2,
      "25": 3,
      "5": 4,
      "50": 5,
      "7": 6,
      "?": 7,
      "a": 8,
      "buy": 9,
      "can": 10,
      "data": 11,
      "entityfeaturevolume": 12,
      "fifty": 13,
      "find": 14,
      "five": 15,
      "gb": 16,
      "gigabyte": 17,
      "gigabytes": 18,
      "i": 19,
      "internet": 20,
      "mb": 21,
      "me": 22,
      "min": 23,
      "mins": 24,
      "minute": 25,
      "minutes": 26,
      "need": 27,
      "of": 28,
      "offers": 29,
      "package": 30,
      "packages": 31,
      "seven": 32,
      "show": 33,
      "talktime": 34,
      "ten": 35,
      "the": 36,
      "twenty": 37,
      "voice": 38
    }
  }
}